{"coef": [0.9590254642963095, 5.660456189326405, 0.6253168280376831, 1.2841175407618735], "int": 2.9951511368932007}