{"coef": [-4.049356313525437], "int": 5.854386494764582}